Task ID,Task Description,Assigned To,Priority,Dependencies,Assigned Date,Expected Deadline,Estimated Time,Completed Date,Delay (days)
T1,Develop a machine learning model for customer churn prediction,David,Medium,T91,2/28/2025,3/6/2025,6,3/10/2025,4
T2,Perform security vulnerability assessment on company servers,Charlie,Low,T29,3/12/2025,3/20/2025,8,3/22/2025,2
T3,Optimize database queries to improve application performance,Eve,Low,T5,3/11/2025,3/15/2025,4,3/17/2025,2
T4,Design and implement CI/CD pipelines for software deployment,Charlie,Medium,T45,2/17/2025,2/23/2025,6,2/26/2025,3
T5,Conduct market research for competitive business analysis,Alice,Medium,No Dependency,2/13/2025,2/19/2025,6,2/24/2025,5
T6,Develop an API for integrating third-party payment gateways,Eve,Low,T13,1/27/2025,1/28/2025,1,1/31/2025,3
T7,Implement an employee attendance tracking system,Alice,Low,T13,1/27/2025,1/28/2025,1,1/27/2025,-1
T8,Automate data extraction and reporting using Python scripts,Charlie,High,T40,1/19/2025,1/20/2025,1,1/19/2025,-1
T9,Manage cloud infrastructure on AWS and Azure platforms,Alice,High,T25,1/26/2025,1/29/2025,3,2/2/2025,4
T10,Develop and execute test cases for software validation,Bob,Medium,T34,1/28/2025,2/3/2025,6,2/2/2025,-1
T11,Improve website SEO ranking through content optimization,Eve,Medium,T40,2/15/2025,2/20/2025,5,2/22/2025,2
T12,Migrate on-premise applications to cloud-based solutions,David,Medium,T53,2/16/2025,2/23/2025,7,2/27/2025,4
T13,Ensure compliance with GDPR and other data privacy regulations,David,Low,T45,3/6/2025,3/7/2025,1,3/12/2025,5
T14,Set up and configure Kubernetes clusters for microservices,Bob,Low,T25,2/21/2025,2/23/2025,2,2/23/2025,0
T15,Create financial forecasting models using historical data,Alice,High,T84,1/23/2025,1/31/2025,8,1/28/2025,-3
T16,Develop user authentication and role-based access control systems,Charlie,Medium,T53,1/29/2025,2/2/2025,4,1/30/2025,-3
T17,Optimize supply chain operations using predictive analytics,Eve,Low,T83,1/25/2025,2/1/2025,7,2/6/2025,5
T18,Implement sentiment analysis on customer feedback data,Bob,High,T53,3/16/2025,3/20/2025,4,3/23/2025,3
T19,Enhance IT helpdesk automation using AI chatbots,Charlie,Medium,T38,2/2/2025,2/11/2025,9,2/13/2025,2
T20,Monitor and analyze network traffic for security threats,Bob,High,T68,2/2/2025,2/8/2025,6,2/10/2025,2
T21,Develop a machine learning model for customer churn prediction,Charlie,Medium,T34,1/29/2025,2/4/2025,6,2/3/2025,-1
T22,Perform security vulnerability assessment on company servers,Charlie,Low,T99,3/8/2025,3/10/2025,2,3/9/2025,-1
T23,Optimize database queries to improve application performance,Alice,Low,T65,2/4/2025,2/10/2025,6,2/13/2025,3
T24,Design and implement CI/CD pipelines for software deployment,Alice,High,T54,2/2/2025,2/3/2025,1,2/8/2025,5
T25,Conduct market research for competitive business analysis,Alice,Low,T84,1/21/2025,1/31/2025,10,1/28/2025,-3
T26,Develop an API for integrating third-party payment gateways,Alice,Low,T47,2/3/2025,2/9/2025,6,2/12/2025,3
T27,Implement an employee attendance tracking system,Alice,Low,T41,2/23/2025,3/4/2025,9,3/9/2025,5
T28,Automate data extraction and reporting using Python scripts,Alice,Medium,T71,2/14/2025,2/22/2025,8,2/26/2025,4
T29,Manage cloud infrastructure on AWS and Azure platforms,Bob,Low,T54,1/21/2025,1/26/2025,5,1/28/2025,2
T30,Develop and execute test cases for software validation,Bob,High,T65,2/3/2025,2/4/2025,1,2/9/2025,5
T31,Improve website SEO ranking through content optimization,Bob,Medium,T12,2/2/2025,2/6/2025,4,2/11/2025,5
T32,Migrate on-premise applications to cloud-based solutions,Bob,Low,T12,1/19/2025,1/26/2025,7,1/26/2025,0
T33,Ensure compliance with GDPR and other data privacy regulations,Eve,Medium,T83,2/4/2025,2/10/2025,6,2/8/2025,-2
T34,Set up and configure Kubernetes clusters for microservices,Bob,Medium,T71,3/14/2025,3/23/2025,9,3/25/2025,2
T35,Create financial forecasting models using historical data,Alice,High,T53,1/25/2025,1/26/2025,1,1/31/2025,5
T36,Develop user authentication and role-based access control systems,David,Medium,T71,2/3/2025,2/4/2025,1,2/1/2025,-3
T37,Optimize supply chain operations using predictive analytics,Charlie,Low,T48,1/31/2025,2/5/2025,5,2/3/2025,-2
T38,Implement sentiment analysis on customer feedback data,Eve,Low,T81,3/17/2025,3/26/2025,9,3/29/2025,3
T39,Enhance IT helpdesk automation using AI chatbots,Alice,High,T43,3/4/2025,3/14/2025,10,3/17/2025,3
T40,Monitor and analyze network traffic for security threats,Alice,Low,T40,2/1/2025,2/8/2025,7,2/13/2025,5
T41,Develop a machine learning model for customer churn prediction,David,Low,T12,2/11/2025,2/21/2025,10,2/18/2025,-3
T42,Perform security vulnerability assessment on company servers,Charlie,High,T99,3/4/2025,3/5/2025,1,3/9/2025,4
T43,Optimize database queries to improve application performance,Bob,Medium,T46,2/12/2025,2/14/2025,2,2/17/2025,3
T44,Design and implement CI/CD pipelines for software deployment,Charlie,High,T79,3/4/2025,3/8/2025,4,3/7/2025,-1
T45,Conduct market research for competitive business analysis,David,Medium,T65,2/25/2025,3/4/2025,7,3/3/2025,-1
T46,Develop an API for integrating third-party payment gateways,Charlie,Low,T5,3/9/2025,3/18/2025,9,3/19/2025,1
T47,Implement an employee attendance tracking system,Alice,High,T20,2/6/2025,2/16/2025,10,2/18/2025,2
T48,Automate data extraction and reporting using Python scripts,Charlie,Low,T11,1/28/2025,1/29/2025,1,1/31/2025,2
T49,Manage cloud infrastructure on AWS and Azure platforms,Bob,High,T20,2/12/2025,2/19/2025,7,2/20/2025,1
T50,Develop and execute test cases for software validation,Eve,Medium,T12,3/15/2025,3/17/2025,2,3/22/2025,5
T51,Improve website SEO ranking through content optimization,Eve,High,T53,2/3/2025,2/12/2025,9,2/14/2025,2
T52,Migrate on-premise applications to cloud-based solutions,David,Low,T79,2/17/2025,2/26/2025,9,3/1/2025,3
T53,Ensure compliance with GDPR and other data privacy regulations,Charlie,Medium,T62,2/22/2025,2/28/2025,6,3/3/2025,3
T54,Set up and configure Kubernetes clusters for microservices,Bob,Medium,T41,2/25/2025,3/3/2025,6,3/7/2025,4
T55,Create financial forecasting models using historical data,David,High,T2,1/30/2025,2/2/2025,3,2/6/2025,4
T56,Develop user authentication and role-based access control systems,Charlie,Medium,T11,2/25/2025,3/1/2025,4,2/28/2025,-1
T57,Optimize supply chain operations using predictive analytics,Eve,Medium,T12,1/23/2025,1/24/2025,1,1/28/2025,4
T58,Implement sentiment analysis on customer feedback data,Alice,Medium,T38,1/31/2025,2/6/2025,6,2/5/2025,-1
T59,Enhance IT helpdesk automation using AI chatbots,Eve,Medium,T4,2/15/2025,2/24/2025,9,2/23/2025,-1
T60,Monitor and analyze network traffic for security threats,Bob,High,T76,3/16/2025,3/26/2025,10,3/31/2025,5
T61,Develop a machine learning model for customer churn prediction,Alice,High,T84,1/30/2025,2/2/2025,3,2/3/2025,1
T62,Perform security vulnerability assessment on company servers,Eve,High,T11,3/10/2025,3/16/2025,6,3/20/2025,4
T63,Optimize database queries to improve application performance,Bob,Medium,T78,1/26/2025,1/29/2025,3,2/1/2025,3
T64,Design and implement CI/CD pipelines for software deployment,Bob,High,T60,1/30/2025,2/5/2025,6,2/5/2025,0
T65,Conduct market research for competitive business analysis,David,Low,T43,1/28/2025,2/5/2025,8,2/4/2025,-1
T66,Develop an API for integrating third-party payment gateways,Charlie,Medium,T40,3/2/2025,3/4/2025,2,3/5/2025,1
T67,Implement an employee attendance tracking system,David,Low,T20,3/17/2025,3/21/2025,4,3/19/2025,-2
T68,Automate data extraction and reporting using Python scripts,Eve,Low,T5,1/29/2025,2/5/2025,7,2/7/2025,2
T69,Manage cloud infrastructure on AWS and Azure platforms,Eve,Low,T83,2/1/2025,2/8/2025,7,2/10/2025,2
T70,Develop and execute test cases for software validation,Eve,Low,T71,3/1/2025,3/4/2025,3,3/9/2025,5
T71,Improve website SEO ranking through content optimization,Alice,Low,T11,2/24/2025,2/28/2025,4,2/27/2025,-1
T72,Migrate on-premise applications to cloud-based solutions,Charlie,Low,No Dependency,3/10/2025,3/20/2025,10,3/19/2025,-1
T73,Ensure compliance with GDPR and other data privacy regulations,Charlie,Low,T2,3/1/2025,3/8/2025,7,3/10/2025,2
T74,Set up and configure Kubernetes clusters for microservices,Eve,High,T48,3/9/2025,3/19/2025,10,3/19/2025,0
T75,Create financial forecasting models using historical data,David,High,T53,1/23/2025,1/27/2025,4,1/30/2025,3
T76,Develop user authentication and role-based access control systems,Eve,High,T71,3/16/2025,3/24/2025,8,3/23/2025,-1
T77,Optimize supply chain operations using predictive analytics,David,Medium,T12,2/27/2025,3/2/2025,3,3/4/2025,2
T78,Implement sentiment analysis on customer feedback data,Bob,Medium,T65,3/2/2025,3/4/2025,2,3/5/2025,1
T79,Enhance IT helpdesk automation using AI chatbots,Charlie,Medium,T71,2/18/2025,2/24/2025,6,2/26/2025,2
T80,Monitor and analyze network traffic for security threats,David,Low,T17,3/16/2025,3/22/2025,6,3/27/2025,5
T81,Develop a machine learning model for customer churn prediction,Alice,Medium,T99,2/6/2025,2/16/2025,10,2/16/2025,0
T82,Perform security vulnerability assessment on company servers,Eve,Medium,T75,3/15/2025,3/18/2025,3,3/22/2025,4
T83,Optimize database queries to improve application performance,David,Medium,T25,3/11/2025,3/18/2025,7,3/17/2025,-1
T84,Design and implement CI/CD pipelines for software deployment,Eve,High,T22,3/15/2025,3/22/2025,7,3/23/2025,1
T85,Conduct market research for competitive business analysis,David,Low,T91,1/23/2025,1/30/2025,7,1/28/2025,-2
T86,Develop an API for integrating third-party payment gateways,Eve,Low,T71,2/1/2025,2/9/2025,8,2/13/2025,4
T87,Implement an employee attendance tracking system,Bob,Medium,T79,1/22/2025,1/28/2025,6,1/28/2025,0
T88,Automate data extraction and reporting using Python scripts,Eve,High,T53,2/8/2025,2/11/2025,3,2/16/2025,5
T89,Manage cloud infrastructure on AWS and Azure platforms,Charlie,High,T48,3/4/2025,3/5/2025,1,3/7/2025,2
T90,Develop and execute test cases for software validation,David,Medium,T79,1/30/2025,2/1/2025,2,2/1/2025,0
T91,Improve website SEO ranking through content optimization,Eve,High,T47,3/19/2025,3/28/2025,9,3/26/2025,-2
T92,Migrate on-premise applications to cloud-based solutions,Alice,High,T79,2/27/2025,3/5/2025,6,3/6/2025,1
T93,Ensure compliance with GDPR and other data privacy regulations,Alice,High,T45,3/18/2025,3/20/2025,2,3/18/2025,-2
T94,Set up and configure Kubernetes clusters for microservices,Eve,Medium,T91,2/28/2025,3/2/2025,2,2/28/2025,-2
T95,Create financial forecasting models using historical data,Charlie,Medium,T65,2/10/2025,2/19/2025,9,2/17/2025,-2
T96,Develop user authentication and role-based access control systems,Bob,High,T46,3/11/2025,3/16/2025,5,3/19/2025,3
T97,Optimize supply chain operations using predictive analytics,Bob,High,T47,2/24/2025,3/6/2025,10,3/5/2025,-1
T98,Implement sentiment analysis on customer feedback data,Charlie,Low,T41,1/27/2025,1/31/2025,4,1/28/2025,-3
T99,Enhance IT helpdesk automation using AI chatbots,Eve,Medium,T41,3/12/2025,3/16/2025,4,3/19/2025,3
T100,Monitor and analyze network traffic for security threats,Charlie,High,T30,3/2/2025,3/5/2025,3,3/9/2025,4
T101,Develop a machine learning model for customer churn prediction,David,High,T61,3/10/2025,3/15/2025,5,3/19/2025,4
T102,Perform security vulnerability assessment on company servers,David,High,T27,2/19/2025,2/24/2025,5,2/26/2025,2
T103,Optimize database queries to improve application performance,Eve,High,T13,3/1/2025,3/9/2025,8,3/13/2025,4
T104,Design and implement CI/CD pipelines for software deployment,Bob,Low,T20,1/19/2025,1/24/2025,5,1/28/2025,4
T105,Conduct market research for competitive business analysis,David,High,T78,2/8/2025,2/14/2025,6,2/13/2025,-1
T106,Develop an API for integrating third-party payment gateways,Eve,Low,T13,2/9/2025,2/10/2025,1,2/13/2025,3
T107,Implement an employee attendance tracking system,Charlie,Medium,T78,2/11/2025,2/19/2025,8,2/17/2025,-2
T108,Automate data extraction and reporting using Python scripts,Alice,Medium,T43,2/13/2025,2/21/2025,8,2/23/2025,2
T109,Manage cloud infrastructure on AWS and Azure platforms,Charlie,High,T99,3/11/2025,3/14/2025,3,3/13/2025,-1
T110,Develop and execute test cases for software validation,Eve,Medium,T5,1/21/2025,1/27/2025,6,1/24/2025,-3
T111,Improve website SEO ranking through content optimization,David,Low,T45,1/19/2025,1/27/2025,8,1/31/2025,4
T112,Migrate on-premise applications to cloud-based solutions,Alice,Medium,T53,2/12/2025,2/18/2025,6,2/22/2025,4
T113,Ensure compliance with GDPR and other data privacy regulations,David,Low,T71,2/24/2025,3/2/2025,6,3/2/2025,0
T114,Set up and configure Kubernetes clusters for microservices,David,High,T29,2/18/2025,2/20/2025,2,2/25/2025,5
T115,Create financial forecasting models using historical data,Alice,Low,T65,2/14/2025,2/16/2025,2,2/14/2025,-2
T116,Develop user authentication and role-based access control systems,David,High,T4,3/17/2025,3/22/2025,5,3/24/2025,2
T117,Optimize supply chain operations using predictive analytics,David,Medium,T65,2/16/2025,2/22/2025,6,2/20/2025,-2
T118,Implement sentiment analysis on customer feedback data,Charlie,Low,T30,3/5/2025,3/11/2025,6,3/15/2025,4
T119,Enhance IT helpdesk automation using AI chatbots,Alice,Medium,T89,3/6/2025,3/14/2025,8,3/16/2025,2
T120,Monitor and analyze network traffic for security threats,Eve,Low,T43,2/21/2025,3/1/2025,8,2/28/2025,-1
T121,Develop a machine learning model for customer churn prediction,Alice,Low,T12,3/3/2025,3/4/2025,1,3/8/2025,4
T122,Perform security vulnerability assessment on company servers,Bob,Low,T68,3/13/2025,3/16/2025,3,3/20/2025,4
T123,Optimize database queries to improve application performance,Alice,Low,T91,2/7/2025,2/9/2025,2,2/10/2025,1
T124,Design and implement CI/CD pipelines for software deployment,Bob,Medium,T53,3/12/2025,3/16/2025,4,3/16/2025,0
T125,Conduct market research for competitive business analysis,David,High,T54,3/4/2025,3/7/2025,3,3/6/2025,-1
T126,Develop an API for integrating third-party payment gateways,Eve,Low,T2,3/5/2025,3/15/2025,10,3/13/2025,-2
T127,Implement an employee attendance tracking system,Charlie,High,T68,1/31/2025,2/2/2025,2,2/4/2025,2
T128,Automate data extraction and reporting using Python scripts,David,Medium,No Dependency,2/18/2025,2/24/2025,6,2/22/2025,-2
T129,Manage cloud infrastructure on AWS and Azure platforms,David,Medium,T30,3/15/2025,3/21/2025,6,3/22/2025,1
T130,Develop and execute test cases for software validation,Alice,High,T17,1/21/2025,1/24/2025,3,1/23/2025,-1
T131,Improve website SEO ranking through content optimization,David,High,T5,3/19/2025,3/22/2025,3,3/23/2025,1
T132,Migrate on-premise applications to cloud-based solutions,Charlie,High,T41,2/4/2025,2/5/2025,1,2/5/2025,0
T133,Ensure compliance with GDPR and other data privacy regulations,Alice,Medium,T29,3/1/2025,3/11/2025,10,3/15/2025,4
T134,Set up and configure Kubernetes clusters for microservices,David,High,T79,2/24/2025,3/5/2025,9,3/3/2025,-2
T135,Create financial forecasting models using historical data,Alice,High,T61,2/5/2025,2/10/2025,5,2/7/2025,-3
T136,Develop user authentication and role-based access control systems,David,Medium,T25,2/28/2025,3/9/2025,9,3/12/2025,3
T137,Optimize supply chain operations using predictive analytics,Charlie,Medium,T25,2/3/2025,2/6/2025,3,2/8/2025,2
T138,Implement sentiment analysis on customer feedback data,Charlie,Medium,T5,3/5/2025,3/9/2025,4,3/14/2025,5
T139,Enhance IT helpdesk automation using AI chatbots,Charlie,Low,T45,2/11/2025,2/13/2025,2,2/14/2025,1
T140,Monitor and analyze network traffic for security threats,Eve,Medium,T20,1/22/2025,2/1/2025,10,1/31/2025,-1
T141,Develop a machine learning model for customer churn prediction,Bob,Medium,T75,1/29/2025,2/6/2025,8,2/6/2025,0
T142,Perform security vulnerability assessment on company servers,David,High,T2,2/6/2025,2/10/2025,4,2/12/2025,2
T143,Optimize database queries to improve application performance,Bob,Medium,T45,3/12/2025,3/15/2025,3,3/16/2025,1
T144,Design and implement CI/CD pipelines for software deployment,Bob,Medium,T5,2/16/2025,2/22/2025,6,2/20/2025,-2
T145,Conduct market research for competitive business analysis,Alice,Low,T11,1/26/2025,2/3/2025,8,2/4/2025,1
T146,Develop an API for integrating third-party payment gateways,Eve,Low,T41,2/22/2025,3/1/2025,7,2/28/2025,-1
T147,Implement an employee attendance tracking system,Bob,High,T12,2/25/2025,3/2/2025,5,3/2/2025,0
T148,Automate data extraction and reporting using Python scripts,Bob,Medium,T20,2/23/2025,2/27/2025,4,3/2/2025,3
T149,Manage cloud infrastructure on AWS and Azure platforms,Charlie,Medium,T61,3/8/2025,3/11/2025,3,3/9/2025,-2
T150,Develop and execute test cases for software validation,Alice,Medium,T30,2/24/2025,3/2/2025,6,3/5/2025,3
T151,Improve website SEO ranking through content optimization,Alice,Low,T48,2/17/2025,2/23/2025,6,2/28/2025,5
T152,Migrate on-premise applications to cloud-based solutions,David,Low,T2,3/4/2025,3/9/2025,5,3/12/2025,3
T153,Ensure compliance with GDPR and other data privacy regulations,Eve,Medium,T13,2/1/2025,2/8/2025,7,2/8/2025,0
T154,Set up and configure Kubernetes clusters for microservices,Charlie,High,T38,2/11/2025,2/14/2025,3,2/19/2025,5
T155,Create financial forecasting models using historical data,Bob,Low,T13,2/14/2025,2/17/2025,3,2/18/2025,1
T156,Develop user authentication and role-based access control systems,David,Low,T39,2/26/2025,3/8/2025,10,3/8/2025,0
T157,Optimize supply chain operations using predictive analytics,Bob,Low,T65,3/4/2025,3/5/2025,1,3/2/2025,-3
T158,Implement sentiment analysis on customer feedback data,Bob,Low,T5,2/9/2025,2/15/2025,6,2/20/2025,5
T159,Enhance IT helpdesk automation using AI chatbots,Charlie,High,T45,3/17/2025,3/18/2025,1,3/18/2025,0
T160,Monitor and analyze network traffic for security threats,David,Medium,T2,2/10/2025,2/14/2025,4,2/13/2025,-1
T161,Develop a machine learning model for customer churn prediction,David,High,T13,2/16/2025,2/17/2025,1,2/22/2025,5
T162,Perform security vulnerability assessment on company servers,Bob,Medium,T2,2/1/2025,2/4/2025,3,2/9/2025,5
T163,Optimize database queries to improve application performance,David,High,T47,2/11/2025,2/20/2025,9,2/22/2025,2
T164,Design and implement CI/CD pipelines for software deployment,Alice,High,T83,1/31/2025,2/3/2025,3,2/6/2025,3
T165,Conduct market research for competitive business analysis,Bob,Low,T20,2/15/2025,2/17/2025,2,2/20/2025,3
T166,Develop an API for integrating third-party payment gateways,David,Low,T54,3/17/2025,3/24/2025,7,3/27/2025,3
T167,Implement an employee attendance tracking system,Eve,Low,T34,2/17/2025,2/25/2025,8,3/2/2025,5
T168,Automate data extraction and reporting using Python scripts,Eve,Medium,T54,1/28/2025,1/31/2025,3,1/30/2025,-1
T169,Manage cloud infrastructure on AWS and Azure platforms,Bob,High,T34,2/3/2025,2/10/2025,7,2/14/2025,4
T170,Develop and execute test cases for software validation,Alice,High,T79,2/15/2025,2/22/2025,7,2/22/2025,0
T171,Improve website SEO ranking through content optimization,David,Medium,T53,2/28/2025,3/10/2025,10,3/12/2025,2
T172,Migrate on-premise applications to cloud-based solutions,Charlie,Medium,T79,1/30/2025,1/31/2025,1,2/4/2025,4
T173,Ensure compliance with GDPR and other data privacy regulations,David,Low,T43,2/7/2025,2/10/2025,3,2/14/2025,4
T174,Set up and configure Kubernetes clusters for microservices,David,High,T41,1/27/2025,2/2/2025,6,1/30/2025,-3
T175,Create financial forecasting models using historical data,Alice,Medium,T20,2/15/2025,2/17/2025,2,2/17/2025,0
T176,Develop user authentication and role-based access control systems,Alice,High,T20,3/19/2025,3/23/2025,4,3/23/2025,0
T177,Optimize supply chain operations using predictive analytics,David,Medium,T81,2/23/2025,3/5/2025,10,3/4/2025,-1
T178,Implement sentiment analysis on customer feedback data,Eve,Medium,T39,3/13/2025,3/17/2025,4,3/21/2025,4
T179,Enhance IT helpdesk automation using AI chatbots,Charlie,Low,T34,3/16/2025,3/20/2025,4,3/22/2025,2
T180,Monitor and analyze network traffic for security threats,Eve,Low,T29,3/3/2025,3/6/2025,3,3/9/2025,3
T181,Develop a machine learning model for customer churn prediction,Alice,High,T40,3/3/2025,3/4/2025,1,3/1/2025,-3
T182,Perform security vulnerability assessment on company servers,Bob,Medium,T17,3/11/2025,3/14/2025,3,3/15/2025,1
T183,Optimize database queries to improve application performance,Charlie,Low,T89,2/26/2025,3/6/2025,8,3/8/2025,2
T184,Design and implement CI/CD pipelines for software deployment,David,Low,T12,3/14/2025,3/16/2025,2,3/14/2025,-2
T185,Conduct market research for competitive business analysis,Eve,Medium,T27,2/12/2025,2/13/2025,1,2/11/2025,-2
T186,Develop an API for integrating third-party payment gateways,Charlie,High,T30,1/30/2025,2/9/2025,10,2/13/2025,4
T187,Implement an employee attendance tracking system,Alice,Medium,T20,2/21/2025,3/1/2025,8,3/5/2025,4
T188,Automate data extraction and reporting using Python scripts,Eve,High,T22,2/6/2025,2/10/2025,4,2/15/2025,5
T189,Manage cloud infrastructure on AWS and Azure platforms,Alice,Medium,T61,3/10/2025,3/20/2025,10,3/24/2025,4
T190,Develop and execute test cases for software validation,David,High,T30,2/6/2025,2/8/2025,2,2/9/2025,1
T191,Improve website SEO ranking through content optimization,Bob,High,T71,1/27/2025,2/4/2025,8,2/5/2025,1
T192,Migrate on-premise applications to cloud-based solutions,Bob,Medium,T34,2/8/2025,2/16/2025,8,2/18/2025,2
T193,Ensure compliance with GDPR and other data privacy regulations,Charlie,High,T17,2/5/2025,2/12/2025,7,2/16/2025,4
T194,Set up and configure Kubernetes clusters for microservices,David,Medium,T12,1/29/2025,2/4/2025,6,2/9/2025,5
T195,Create financial forecasting models using historical data,Eve,Low,T39,1/23/2025,2/2/2025,10,2/3/2025,1
T196,Develop user authentication and role-based access control systems,David,High,T81,3/15/2025,3/21/2025,6,3/25/2025,4
T197,Optimize supply chain operations using predictive analytics,David,Low,T78,3/17/2025,3/27/2025,10,3/27/2025,0
T198,Implement sentiment analysis on customer feedback data,Eve,Medium,T38,3/6/2025,3/10/2025,4,3/9/2025,-1
T199,Enhance IT helpdesk automation using AI chatbots,Eve,Medium,T4,1/28/2025,2/6/2025,9,2/8/2025,2
T200,Monitor and analyze network traffic for security threats,Charlie,Medium,T40,1/21/2025,1/30/2025,9,2/3/2025,4
T201,Develop a machine learning model for customer churn prediction,Charlie,High,T62,2/15/2025,2/23/2025,8,2/28/2025,5
T202,Perform security vulnerability assessment on company servers,Eve,High,T79,2/5/2025,2/12/2025,7,2/10/2025,-2
T203,Optimize database queries to improve application performance,Charlie,Low,T71,3/13/2025,3/16/2025,3,3/17/2025,1
T204,Design and implement CI/CD pipelines for software deployment,Eve,Medium,T81,3/7/2025,3/14/2025,7,3/13/2025,-1
T205,Conduct market research for competitive business analysis,Eve,Low,T20,2/1/2025,2/10/2025,9,2/7/2025,-3
T206,Develop an API for integrating third-party payment gateways,Alice,High,T43,1/19/2025,1/29/2025,10,1/29/2025,0
T207,Implement an employee attendance tracking system,Eve,High,T5,3/19/2025,3/25/2025,6,3/28/2025,3
T208,Automate data extraction and reporting using Python scripts,David,High,T83,2/12/2025,2/15/2025,3,2/16/2025,1
T209,Manage cloud infrastructure on AWS and Azure platforms,Bob,Low,T46,3/1/2025,3/4/2025,3,3/3/2025,-1
T210,Develop and execute test cases for software validation,Eve,Low,T89,2/4/2025,2/12/2025,8,2/16/2025,4
T211,Improve website SEO ranking through content optimization,Eve,High,T41,3/7/2025,3/16/2025,9,3/15/2025,-1
T212,Migrate on-premise applications to cloud-based solutions,Alice,High,T40,1/21/2025,1/25/2025,4,1/28/2025,3
T213,Ensure compliance with GDPR and other data privacy regulations,Charlie,Low,T78,1/27/2025,2/6/2025,10,2/11/2025,5
T214,Set up and configure Kubernetes clusters for microservices,Bob,Low,T91,1/27/2025,2/6/2025,10,2/8/2025,2
T215,Create financial forecasting models using historical data,Bob,High,T71,3/10/2025,3/12/2025,2,3/16/2025,4
T216,Develop user authentication and role-based access control systems,Eve,High,T40,2/12/2025,2/17/2025,5,2/18/2025,1
T217,Optimize supply chain operations using predictive analytics,Bob,High,T41,2/11/2025,2/21/2025,10,2/22/2025,1
T218,Implement sentiment analysis on customer feedback data,Charlie,Low,T45,2/26/2025,3/7/2025,9,3/9/2025,2
T219,Enhance IT helpdesk automation using AI chatbots,Charlie,Low,T22,1/21/2025,1/24/2025,3,1/25/2025,1
T220,Monitor and analyze network traffic for security threats,Charlie,Medium,T99,2/27/2025,2/28/2025,1,2/28/2025,0
T221,Develop a machine learning model for customer churn prediction,David,Medium,T12,3/19/2025,3/20/2025,1,3/24/2025,4
T222,Perform security vulnerability assessment on company servers,Bob,Low,T81,3/3/2025,3/8/2025,5,3/5/2025,-3
T223,Optimize database queries to improve application performance,Bob,High,T43,3/4/2025,3/11/2025,7,3/14/2025,3
T224,Design and implement CI/CD pipelines for software deployment,Alice,Low,T40,3/19/2025,3/26/2025,7,3/27/2025,1
T225,Conduct market research for competitive business analysis,Eve,Low,No Dependency,2/27/2025,3/8/2025,9,3/8/2025,0
T226,Develop an API for integrating third-party payment gateways,Alice,Low,T75,2/11/2025,2/12/2025,1,2/15/2025,3
T227,Implement an employee attendance tracking system,Bob,Medium,T34,3/6/2025,3/11/2025,5,3/12/2025,1
T228,Automate data extraction and reporting using Python scripts,David,High,T99,2/15/2025,2/19/2025,4,2/19/2025,0
T229,Manage cloud infrastructure on AWS and Azure platforms,Eve,Medium,T12,2/19/2025,2/20/2025,1,2/22/2025,2
T230,Develop and execute test cases for software validation,Bob,High,T17,2/16/2025,2/26/2025,10,2/28/2025,2
T231,Improve website SEO ranking through content optimization,Eve,High,T54,3/6/2025,3/9/2025,3,3/13/2025,4
T232,Migrate on-premise applications to cloud-based solutions,Alice,Medium,T46,1/22/2025,1/31/2025,9,1/28/2025,-3
T233,Ensure compliance with GDPR and other data privacy regulations,Eve,Low,T5,3/13/2025,3/17/2025,4,3/16/2025,-1
T234,Set up and configure Kubernetes clusters for microservices,Charlie,Low,T29,1/24/2025,1/29/2025,5,2/3/2025,5
T235,Create financial forecasting models using historical data,Eve,Low,T43,3/10/2025,3/11/2025,1,3/10/2025,-1
T236,Develop user authentication and role-based access control systems,Alice,High,T89,3/11/2025,3/14/2025,3,3/14/2025,0
T237,Optimize supply chain operations using predictive analytics,Bob,High,T65,3/19/2025,3/26/2025,7,3/31/2025,5
T238,Implement sentiment analysis on customer feedback data,Eve,High,T65,3/4/2025,3/5/2025,1,3/9/2025,4
T239,Enhance IT helpdesk automation using AI chatbots,Eve,Low,T13,2/12/2025,2/14/2025,2,2/19/2025,5
T240,Monitor and analyze network traffic for security threats,David,Low,T79,1/24/2025,2/2/2025,9,2/7/2025,5
T241,Develop a machine learning model for customer churn prediction,David,High,T65,2/19/2025,2/24/2025,5,2/21/2025,-3
T242,Perform security vulnerability assessment on company servers,David,Medium,T84,2/26/2025,3/1/2025,3,3/2/2025,1
T243,Optimize database queries to improve application performance,Eve,Medium,T20,2/2/2025,2/9/2025,7,2/6/2025,-3
T244,Design and implement CI/CD pipelines for software deployment,David,Low,T4,2/9/2025,2/14/2025,5,2/15/2025,1
T245,Conduct market research for competitive business analysis,Eve,High,T89,2/15/2025,2/20/2025,5,2/24/2025,4
T246,Develop an API for integrating third-party payment gateways,Charlie,Medium,T4,3/17/2025,3/18/2025,1,3/23/2025,5
T247,Implement an employee attendance tracking system,Charlie,Low,T22,2/5/2025,2/10/2025,5,2/8/2025,-2
T248,Automate data extraction and reporting using Python scripts,David,High,T38,3/3/2025,3/5/2025,2,3/7/2025,2
T249,Manage cloud infrastructure on AWS and Azure platforms,Bob,High,T3,1/24/2025,1/25/2025,1,1/22/2025,-3
T250,Develop and execute test cases for software validation,Charlie,Medium,T43,1/19/2025,1/26/2025,7,1/27/2025,1
T251,Improve website SEO ranking through content optimization,Alice,Medium,T29,2/23/2025,2/25/2025,2,2/24/2025,-1
T252,Migrate on-premise applications to cloud-based solutions,David,Low,T65,2/7/2025,2/15/2025,8,2/18/2025,3
T253,Ensure compliance with GDPR and other data privacy regulations,Bob,High,T45,3/19/2025,3/23/2025,4,3/24/2025,1
T254,Set up and configure Kubernetes clusters for microservices,Charlie,High,T89,2/19/2025,2/20/2025,1,2/20/2025,0
T255,Create financial forecasting models using historical data,Eve,High,T20,1/24/2025,1/31/2025,7,2/2/2025,2
T256,Develop user authentication and role-based access control systems,Bob,High,T2,2/21/2025,3/2/2025,9,3/2/2025,0
T257,Optimize supply chain operations using predictive analytics,Bob,Low,T38,2/14/2025,2/19/2025,5,2/20/2025,1
T258,Implement sentiment analysis on customer feedback data,David,Medium,T62,1/28/2025,1/30/2025,2,2/1/2025,2
T259,Enhance IT helpdesk automation using AI chatbots,Charlie,High,T65,1/20/2025,1/29/2025,9,2/1/2025,3
T260,Monitor and analyze network traffic for security threats,David,High,T71,3/4/2025,3/9/2025,5,3/12/2025,3
T261,Develop a machine learning model for customer churn prediction,Charlie,Low,T91,3/18/2025,3/22/2025,4,3/23/2025,1
T262,Perform security vulnerability assessment on company servers,Alice,High,T41,3/4/2025,3/8/2025,4,3/13/2025,5
T263,Optimize database queries to improve application performance,Alice,Medium,T54,2/11/2025,2/21/2025,10,2/25/2025,4
T264,Design and implement CI/CD pipelines for software deployment,David,Medium,T13,2/24/2025,3/3/2025,7,3/1/2025,-2
T265,Conduct market research for competitive business analysis,Charlie,High,T40,2/15/2025,2/21/2025,6,2/24/2025,3
T266,Develop an API for integrating third-party payment gateways,Eve,Medium,T61,3/11/2025,3/13/2025,2,3/13/2025,0
T267,Implement an employee attendance tracking system,Alice,Medium,T39,1/27/2025,1/28/2025,1,1/30/2025,2
T268,Automate data extraction and reporting using Python scripts,David,Medium,T75,3/6/2025,3/15/2025,9,3/17/2025,2
T269,Manage cloud infrastructure on AWS and Azure platforms,Alice,High,T53,2/9/2025,2/10/2025,1,2/10/2025,0
T270,Develop and execute test cases for software validation,Charlie,Low,T12,3/11/2025,3/18/2025,7,3/18/2025,0
T271,Improve website SEO ranking through content optimization,Charlie,High,T43,3/8/2025,3/15/2025,7,3/19/2025,4
T272,Migrate on-premise applications to cloud-based solutions,Charlie,Medium,T68,3/12/2025,3/13/2025,1,3/18/2025,5
T273,Ensure compliance with GDPR and other data privacy regulations,Bob,Medium,T2,2/1/2025,2/4/2025,3,2/2/2025,-2
T274,Set up and configure Kubernetes clusters for microservices,Alice,Medium,T79,3/18/2025,3/26/2025,8,3/24/2025,-2
T275,Create financial forecasting models using historical data,Charlie,High,T53,2/7/2025,2/14/2025,7,2/15/2025,1
T276,Develop user authentication and role-based access control systems,Charlie,High,T71,3/15/2025,3/23/2025,8,3/28/2025,5
T277,Optimize supply chain operations using predictive analytics,Eve,Low,T20,2/12/2025,2/14/2025,2,2/18/2025,4
T278,Implement sentiment analysis on customer feedback data,Bob,Medium,T45,3/14/2025,3/22/2025,8,3/26/2025,4
T279,Enhance IT helpdesk automation using AI chatbots,Bob,Medium,T38,2/17/2025,2/26/2025,9,2/26/2025,0
T280,Monitor and analyze network traffic for security threats,Charlie,Medium,T68,1/20/2025,1/23/2025,3,1/26/2025,3
T281,Develop a machine learning model for customer churn prediction,David,Low,T61,3/8/2025,3/15/2025,7,3/19/2025,4
T282,Perform security vulnerability assessment on company servers,Charlie,High,T34,2/4/2025,2/14/2025,10,2/19/2025,5
T283,Optimize database queries to improve application performance,Charlie,Medium,T12,2/17/2025,2/25/2025,8,2/23/2025,-2
T284,Design and implement CI/CD pipelines for software deployment,Charlie,Medium,T84,1/22/2025,1/31/2025,9,1/30/2025,-1
T285,Conduct market research for competitive business analysis,Charlie,Low,T79,3/10/2025,3/17/2025,7,3/14/2025,-3
T286,Develop an API for integrating third-party payment gateways,Eve,Medium,T13,1/24/2025,1/26/2025,2,1/25/2025,-1
T287,Implement an employee attendance tracking system,Eve,Low,T43,2/2/2025,2/5/2025,3,2/5/2025,0
T288,Automate data extraction and reporting using Python scripts,Alice,High,T5,3/14/2025,3/22/2025,8,3/21/2025,-1
T289,Manage cloud infrastructure on AWS and Azure platforms,Eve,High,T3,3/2/2025,3/7/2025,5,3/12/2025,5
T290,Develop and execute test cases for software validation,Charlie,High,T46,1/23/2025,1/30/2025,7,2/4/2025,5
T291,Improve website SEO ranking through content optimization,Bob,High,T84,1/30/2025,2/9/2025,10,2/12/2025,3
T292,Migrate on-premise applications to cloud-based solutions,Bob,Medium,T62,1/29/2025,2/3/2025,5,2/3/2025,0
T293,Ensure compliance with GDPR and other data privacy regulations,Charlie,Medium,T34,2/11/2025,2/13/2025,2,2/10/2025,-3
T294,Set up and configure Kubernetes clusters for microservices,Charlie,Medium,T34,2/26/2025,2/27/2025,1,3/4/2025,5
T295,Create financial forecasting models using historical data,Charlie,Low,T25,1/23/2025,1/30/2025,7,1/30/2025,0
T296,Develop user authentication and role-based access control systems,Eve,Low,T61,2/4/2025,2/14/2025,10,2/18/2025,4
T297,Optimize supply chain operations using predictive analytics,Bob,Low,T65,2/8/2025,2/10/2025,2,2/12/2025,2
T298,Implement sentiment analysis on customer feedback data,Eve,Medium,T91,2/21/2025,2/22/2025,1,2/27/2025,5
T299,Enhance IT helpdesk automation using AI chatbots,Bob,High,T84,1/30/2025,2/6/2025,7,2/7/2025,1
T300,Monitor and analyze network traffic for security threats,David,Medium,T43,2/5/2025,2/7/2025,2,2/8/2025,1
T301,Develop a machine learning model for customer churn prediction,Alice,High,T83,1/23/2025,2/2/2025,10,1/31/2025,-2
T302,Perform security vulnerability assessment on company servers,Eve,Low,T65,1/19/2025,1/21/2025,2,1/24/2025,3
T303,Optimize database queries to improve application performance,David,Low,T40,1/23/2025,1/30/2025,7,1/30/2025,0
T304,Design and implement CI/CD pipelines for software deployment,Eve,Low,T4,2/7/2025,2/17/2025,10,2/14/2025,-3
T305,Conduct market research for competitive business analysis,Alice,Low,T22,2/19/2025,2/25/2025,6,2/28/2025,3
T306,Develop an API for integrating third-party payment gateways,Bob,Low,T46,2/11/2025,2/14/2025,3,2/12/2025,-2
T307,Implement an employee attendance tracking system,David,High,T75,2/4/2025,2/7/2025,3,2/6/2025,-1
T308,Automate data extraction and reporting using Python scripts,Charlie,Medium,T39,2/2/2025,2/8/2025,6,2/10/2025,2
T309,Manage cloud infrastructure on AWS and Azure platforms,Charlie,Low,T4,3/9/2025,3/17/2025,8,3/19/2025,2
T310,Develop and execute test cases for software validation,Charlie,High,T45,3/16/2025,3/21/2025,5,3/19/2025,-2
T311,Improve website SEO ranking through content optimization,Bob,Low,T41,3/19/2025,3/23/2025,4,3/25/2025,2
T312,Migrate on-premise applications to cloud-based solutions,Charlie,Low,T89,3/11/2025,3/17/2025,6,3/15/2025,-2
T313,Ensure compliance with GDPR and other data privacy regulations,Charlie,High,T46,1/20/2025,1/26/2025,6,1/27/2025,1
T314,Set up and configure Kubernetes clusters for microservices,David,Low,T53,3/16/2025,3/22/2025,6,3/20/2025,-2
T315,Create financial forecasting models using historical data,Alice,High,T47,2/1/2025,2/2/2025,1,2/7/2025,5
T316,Develop user authentication and role-based access control systems,Eve,Medium,T91,2/27/2025,3/6/2025,7,3/8/2025,2
T317,Optimize supply chain operations using predictive analytics,David,Low,T39,1/24/2025,1/25/2025,1,1/22/2025,-3
T318,Implement sentiment analysis on customer feedback data,Eve,Medium,T81,3/5/2025,3/15/2025,10,3/15/2025,0
T319,Enhance IT helpdesk automation using AI chatbots,Bob,Medium,T99,1/24/2025,2/3/2025,10,2/2/2025,-1
T320,Monitor and analyze network traffic for security threats,Charlie,High,T40,2/10/2025,2/16/2025,6,2/13/2025,-3
T321,Develop a machine learning model for customer churn prediction,Alice,Low,T75,3/12/2025,3/16/2025,4,3/13/2025,-3
T322,Perform security vulnerability assessment on company servers,Eve,High,T38,3/1/2025,3/5/2025,4,3/7/2025,2
T323,Optimize database queries to improve application performance,Charlie,Medium,T71,2/21/2025,2/26/2025,5,2/26/2025,0
T324,Design and implement CI/CD pipelines for software deployment,Bob,Low,T29,3/7/2025,3/13/2025,6,3/18/2025,5
T325,Conduct market research for competitive business analysis,Alice,Medium,T48,3/14/2025,3/20/2025,6,3/23/2025,3
T326,Develop an API for integrating third-party payment gateways,Eve,Medium,T4,3/8/2025,3/17/2025,9,3/14/2025,-3
T327,Implement an employee attendance tracking system,Eve,Low,T3,2/5/2025,2/9/2025,4,2/13/2025,4
T328,Automate data extraction and reporting using Python scripts,David,Medium,T43,1/28/2025,2/7/2025,10,2/10/2025,3
T329,Manage cloud infrastructure on AWS and Azure platforms,Bob,Medium,T20,2/4/2025,2/6/2025,2,2/8/2025,2
T330,Develop and execute test cases for software validation,Alice,Low,T65,2/19/2025,2/22/2025,3,2/25/2025,3
T331,Improve website SEO ranking through content optimization,Eve,Low,T47,2/4/2025,2/10/2025,6,2/14/2025,4
T332,Migrate on-premise applications to cloud-based solutions,Eve,Medium,T81,1/21/2025,1/26/2025,5,1/29/2025,3
T333,Ensure compliance with GDPR and other data privacy regulations,Charlie,High,T20,1/24/2025,1/31/2025,7,1/31/2025,0
T334,Set up and configure Kubernetes clusters for microservices,Bob,Low,No Dependency,2/1/2025,2/11/2025,10,2/12/2025,1
T335,Create financial forecasting models using historical data,Alice,Low,T91,1/31/2025,2/4/2025,4,2/3/2025,-1
T336,Develop user authentication and role-based access control systems,Alice,High,T29,1/29/2025,2/2/2025,4,2/2/2025,0
T337,Optimize supply chain operations using predictive analytics,Charlie,Low,T40,2/28/2025,3/2/2025,2,3/7/2025,5
T338,Implement sentiment analysis on customer feedback data,Eve,High,T79,3/19/2025,3/23/2025,4,3/25/2025,2
T339,Enhance IT helpdesk automation using AI chatbots,Bob,High,T30,2/25/2025,3/2/2025,5,2/27/2025,-3
T340,Monitor and analyze network traffic for security threats,Charlie,Low,T17,3/15/2025,3/21/2025,6,3/24/2025,3
T341,Develop a machine learning model for customer churn prediction,Bob,Low,T75,2/26/2025,3/7/2025,9,3/8/2025,1
T342,Perform security vulnerability assessment on company servers,Charlie,High,T62,3/6/2025,3/14/2025,8,3/16/2025,2
T343,Optimize database queries to improve application performance,Bob,Low,No Dependency,1/29/2025,2/6/2025,8,2/4/2025,-2
T344,Design and implement CI/CD pipelines for software deployment,Eve,Low,T83,2/6/2025,2/11/2025,5,2/13/2025,2
T345,Conduct market research for competitive business analysis,Bob,High,T61,3/13/2025,3/16/2025,3,3/17/2025,1
T346,Develop an API for integrating third-party payment gateways,Charlie,High,T65,2/22/2025,2/24/2025,2,2/25/2025,1
T347,Implement an employee attendance tracking system,Alice,Medium,T81,2/19/2025,2/23/2025,4,2/26/2025,3
T348,Automate data extraction and reporting using Python scripts,David,Low,T78,2/14/2025,2/19/2025,5,2/20/2025,1
T349,Manage cloud infrastructure on AWS and Azure platforms,David,Medium,T53,2/12/2025,2/18/2025,6,2/19/2025,1
T350,Develop and execute test cases for software validation,Charlie,High,T83,2/4/2025,2/13/2025,9,2/17/2025,4
T351,Improve website SEO ranking through content optimization,David,Medium,T29,2/21/2025,3/1/2025,8,3/4/2025,3
T352,Migrate on-premise applications to cloud-based solutions,David,High,T65,2/16/2025,2/19/2025,3,2/21/2025,2
T353,Ensure compliance with GDPR and other data privacy regulations,Eve,Medium,T34,2/6/2025,2/14/2025,8,2/17/2025,3
T354,Set up and configure Kubernetes clusters for microservices,Alice,High,T68,1/20/2025,1/30/2025,10,1/28/2025,-2
T355,Create financial forecasting models using historical data,David,Medium,T45,3/15/2025,3/25/2025,10,3/30/2025,5
T356,Develop user authentication and role-based access control systems,Charlie,High,T17,3/5/2025,3/6/2025,1,3/7/2025,1
T357,Optimize supply chain operations using predictive analytics,David,High,T71,2/10/2025,2/15/2025,5,2/14/2025,-1
T358,Implement sentiment analysis on customer feedback data,Eve,Medium,T11,1/26/2025,2/5/2025,10,2/3/2025,-2
T359,Enhance IT helpdesk automation using AI chatbots,Charlie,Medium,T79,2/2/2025,2/10/2025,8,2/13/2025,3
T360,Monitor and analyze network traffic for security threats,Alice,Low,T43,2/18/2025,2/28/2025,10,2/25/2025,-3
T361,Develop a machine learning model for customer churn prediction,David,Medium,T62,3/1/2025,3/4/2025,3,3/4/2025,0
T362,Perform security vulnerability assessment on company servers,David,High,T5,2/6/2025,2/12/2025,6,2/9/2025,-3
T363,Optimize database queries to improve application performance,Charlie,High,T11,3/9/2025,3/13/2025,4,3/12/2025,-1
T364,Design and implement CI/CD pipelines for software deployment,Bob,Medium,T25,2/17/2025,2/27/2025,10,2/26/2025,-1
T365,Conduct market research for competitive business analysis,Alice,Medium,T65,2/4/2025,2/12/2025,8,2/15/2025,3
T366,Develop an API for integrating third-party payment gateways,Eve,High,T68,1/26/2025,2/3/2025,8,2/6/2025,3
T367,Implement an employee attendance tracking system,Alice,Medium,T17,2/12/2025,2/13/2025,1,2/12/2025,-1
T368,Automate data extraction and reporting using Python scripts,David,Medium,T83,2/25/2025,3/1/2025,4,3/3/2025,2
T369,Manage cloud infrastructure on AWS and Azure platforms,David,High,T81,1/21/2025,1/27/2025,6,1/30/2025,3
T370,Develop and execute test cases for software validation,Charlie,High,T5,3/8/2025,3/14/2025,6,3/16/2025,2
T371,Improve website SEO ranking through content optimization,David,High,T60,1/22/2025,1/23/2025,1,1/27/2025,4
T372,Migrate on-premise applications to cloud-based solutions,Bob,High,T81,3/17/2025,3/19/2025,2,3/17/2025,-2
T373,Ensure compliance with GDPR and other data privacy regulations,David,High,T4,1/24/2025,1/29/2025,5,1/28/2025,-1
T374,Set up and configure Kubernetes clusters for microservices,David,High,T79,1/23/2025,1/31/2025,8,2/3/2025,3
T375,Create financial forecasting models using historical data,David,Medium,T78,1/21/2025,1/31/2025,10,2/5/2025,5
T376,Develop user authentication and role-based access control systems,Charlie,High,No Dependency,2/26/2025,3/6/2025,8,3/8/2025,2
T377,Optimize supply chain operations using predictive analytics,David,High,T46,3/14/2025,3/16/2025,2,3/13/2025,-3
T378,Implement sentiment analysis on customer feedback data,Bob,Medium,T22,2/1/2025,2/7/2025,6,2/10/2025,3
T379,Enhance IT helpdesk automation using AI chatbots,Alice,Medium,T22,2/7/2025,2/11/2025,4,2/11/2025,0
T380,Monitor and analyze network traffic for security threats,Alice,High,T84,1/25/2025,2/1/2025,7,1/31/2025,-1
T381,Develop a machine learning model for customer churn prediction,Bob,Medium,T47,1/26/2025,2/1/2025,6,2/3/2025,2
T382,Perform security vulnerability assessment on company servers,David,Medium,T25,2/10/2025,2/18/2025,8,2/20/2025,2
T383,Optimize database queries to improve application performance,Bob,High,T22,3/9/2025,3/16/2025,7,3/13/2025,-3
T384,Design and implement CI/CD pipelines for software deployment,Charlie,Low,T13,3/8/2025,3/18/2025,10,3/17/2025,-1
T385,Conduct market research for competitive business analysis,David,High,T13,2/24/2025,3/1/2025,5,3/4/2025,3
T386,Develop an API for integrating third-party payment gateways,David,High,T62,1/26/2025,2/3/2025,8,2/1/2025,-2
T387,Implement an employee attendance tracking system,Bob,Medium,T71,1/25/2025,1/31/2025,6,2/1/2025,1
T388,Automate data extraction and reporting using Python scripts,Alice,High,T54,3/2/2025,3/11/2025,9,3/12/2025,1
T389,Manage cloud infrastructure on AWS and Azure platforms,David,Low,T60,3/15/2025,3/24/2025,9,3/29/2025,5
T390,Develop and execute test cases for software validation,Alice,Low,T25,3/7/2025,3/12/2025,5,3/10/2025,-2
T391,Improve website SEO ranking through content optimization,Bob,Medium,T79,3/13/2025,3/20/2025,7,3/21/2025,1
T392,Migrate on-premise applications to cloud-based solutions,Alice,Medium,T78,2/4/2025,2/9/2025,5,2/11/2025,2
T393,Ensure compliance with GDPR and other data privacy regulations,Eve,Medium,T40,2/16/2025,2/25/2025,9,2/24/2025,-1
T394,Set up and configure Kubernetes clusters for microservices,Bob,Low,T29,1/20/2025,1/22/2025,2,1/22/2025,0
T395,Create financial forecasting models using historical data,David,High,T84,2/22/2025,3/3/2025,9,3/4/2025,1
T396,Develop user authentication and role-based access control systems,Charlie,High,T61,3/11/2025,3/14/2025,3,3/14/2025,0
T397,Optimize supply chain operations using predictive analytics,Bob,High,T40,3/12/2025,3/18/2025,6,3/16/2025,-2
T398,Implement sentiment analysis on customer feedback data,Eve,Medium,T45,1/28/2025,2/5/2025,8,2/2/2025,-3
T399,Enhance IT helpdesk automation using AI chatbots,David,Medium,T46,3/17/2025,3/24/2025,7,3/21/2025,-3
T400,Monitor and analyze network traffic for security threats,Charlie,Medium,T30,1/22/2025,2/1/2025,10,1/29/2025,-3
T401,Develop a machine learning model for customer churn prediction,Eve,Medium,T71,2/23/2025,3/1/2025,6,3/1/2025,0
T402,Perform security vulnerability assessment on company servers,Charlie,Low,T81,3/2/2025,3/5/2025,3,3/3/2025,-2
T403,Optimize database queries to improve application performance,Bob,High,T65,3/5/2025,3/7/2025,2,3/6/2025,-1
T404,Design and implement CI/CD pipelines for software deployment,Charlie,Medium,T39,3/8/2025,3/17/2025,9,3/20/2025,3
T405,Conduct market research for competitive business analysis,Eve,Medium,T68,3/3/2025,3/6/2025,3,3/4/2025,-2
T406,Develop an API for integrating third-party payment gateways,Charlie,Medium,T78,2/14/2025,2/23/2025,9,2/21/2025,-2
T407,Implement an employee attendance tracking system,Bob,High,T2,3/12/2025,3/15/2025,3,3/12/2025,-3
T408,Automate data extraction and reporting using Python scripts,Eve,Medium,T62,2/3/2025,2/9/2025,6,2/7/2025,-2
T409,Manage cloud infrastructure on AWS and Azure platforms,David,Low,T48,3/12/2025,3/18/2025,6,3/18/2025,0
T410,Develop and execute test cases for software validation,Bob,Medium,T45,2/13/2025,2/18/2025,5,2/18/2025,0
T411,Improve website SEO ranking through content optimization,Charlie,Medium,T68,2/17/2025,2/26/2025,9,3/3/2025,5
T412,Migrate on-premise applications to cloud-based solutions,Eve,Low,T81,2/20/2025,2/26/2025,6,3/2/2025,4
T413,Ensure compliance with GDPR and other data privacy regulations,David,High,T83,3/1/2025,3/10/2025,9,3/10/2025,0
T414,Set up and configure Kubernetes clusters for microservices,Bob,Low,T53,2/10/2025,2/15/2025,5,2/13/2025,-2
T415,Create financial forecasting models using historical data,David,Low,T65,2/2/2025,2/4/2025,2,2/3/2025,-1
T416,Develop user authentication and role-based access control systems,Bob,High,T13,2/15/2025,2/18/2025,3,2/17/2025,-1
T417,Optimize supply chain operations using predictive analytics,Eve,Low,No Dependency,2/2/2025,2/8/2025,6,2/6/2025,-2
T418,Implement sentiment analysis on customer feedback data,Eve,Low,T62,3/12/2025,3/17/2025,5,3/16/2025,-1
T419,Enhance IT helpdesk automation using AI chatbots,Charlie,Low,T76,2/18/2025,2/19/2025,1,2/23/2025,4
T420,Monitor and analyze network traffic for security threats,Bob,High,T81,2/13/2025,2/19/2025,6,2/22/2025,3
T421,Develop a machine learning model for customer churn prediction,Charlie,Medium,T12,3/17/2025,3/22/2025,5,3/25/2025,3
T422,Perform security vulnerability assessment on company servers,Bob,High,T20,2/14/2025,2/24/2025,10,2/22/2025,-2
T423,Optimize database queries to improve application performance,Eve,Low,T91,3/13/2025,3/15/2025,2,3/14/2025,-1
T424,Design and implement CI/CD pipelines for software deployment,Charlie,Low,T5,3/2/2025,3/10/2025,8,3/8/2025,-2
T425,Conduct market research for competitive business analysis,Bob,High,T47,1/31/2025,2/6/2025,6,2/10/2025,4
T426,Develop an API for integrating third-party payment gateways,Alice,Medium,T12,2/18/2025,2/22/2025,4,2/20/2025,-2
T427,Implement an employee attendance tracking system,Alice,Medium,T2,3/14/2025,3/17/2025,3,3/18/2025,1
T428,Automate data extraction and reporting using Python scripts,David,High,T40,2/13/2025,2/16/2025,3,2/16/2025,0
T429,Manage cloud infrastructure on AWS and Azure platforms,Charlie,High,T45,2/15/2025,2/18/2025,3,2/22/2025,4
T430,Develop and execute test cases for software validation,Charlie,High,T30,2/27/2025,3/2/2025,3,3/7/2025,5
T431,Improve website SEO ranking through content optimization,Bob,Medium,T62,2/24/2025,2/26/2025,2,3/1/2025,3
T432,Migrate on-premise applications to cloud-based solutions,Eve,Medium,T53,2/19/2025,2/22/2025,3,2/22/2025,0
T433,Ensure compliance with GDPR and other data privacy regulations,David,Medium,T83,2/4/2025,2/14/2025,10,2/14/2025,0
T434,Set up and configure Kubernetes clusters for microservices,Charlie,Medium,T41,2/7/2025,2/10/2025,3,2/8/2025,-2
T435,Create financial forecasting models using historical data,Eve,High,T40,1/24/2025,1/31/2025,7,1/28/2025,-3
T436,Develop user authentication and role-based access control systems,Charlie,Medium,T76,3/19/2025,3/21/2025,2,3/25/2025,4
T437,Optimize supply chain operations using predictive analytics,Charlie,Medium,T29,3/10/2025,3/19/2025,9,3/21/2025,2
T438,Implement sentiment analysis on customer feedback data,David,High,T22,1/29/2025,2/5/2025,7,2/8/2025,3
T439,Enhance IT helpdesk automation using AI chatbots,Alice,High,T4,2/3/2025,2/8/2025,5,2/5/2025,-3
T440,Monitor and analyze network traffic for security threats,Charlie,Low,T91,3/3/2025,3/10/2025,7,3/11/2025,1
T441,Develop a machine learning model for customer churn prediction,Alice,Low,T53,2/28/2025,3/7/2025,7,3/9/2025,2
T442,Perform security vulnerability assessment on company servers,Alice,High,T27,2/17/2025,2/20/2025,3,2/22/2025,2
T443,Optimize database queries to improve application performance,Eve,High,T47,3/3/2025,3/10/2025,7,3/14/2025,4
T444,Design and implement CI/CD pipelines for software deployment,Alice,Medium,T38,2/19/2025,2/26/2025,7,2/26/2025,0
T445,Conduct market research for competitive business analysis,Charlie,Low,T46,2/24/2025,3/6/2025,10,3/9/2025,3
T446,Develop an API for integrating third-party payment gateways,Charlie,Medium,T34,2/25/2025,3/1/2025,4,3/3/2025,2
T447,Implement an employee attendance tracking system,Eve,High,T20,2/13/2025,2/23/2025,10,2/27/2025,4
T448,Automate data extraction and reporting using Python scripts,Eve,Medium,T75,3/16/2025,3/26/2025,10,3/23/2025,-3
T449,Manage cloud infrastructure on AWS and Azure platforms,Charlie,High,T25,2/27/2025,2/28/2025,1,2/25/2025,-3
T450,Develop and execute test cases for software validation,Alice,Medium,T12,2/11/2025,2/13/2025,2,2/15/2025,2
T451,Improve website SEO ranking through content optimization,Bob,Low,No Dependency,2/16/2025,2/26/2025,10,2/27/2025,1
T452,Migrate on-premise applications to cloud-based solutions,Charlie,High,T30,3/9/2025,3/11/2025,2,3/16/2025,5
T453,Ensure compliance with GDPR and other data privacy regulations,Alice,High,T46,2/26/2025,3/8/2025,10,3/5/2025,-3
T454,Set up and configure Kubernetes clusters for microservices,Eve,High,T40,3/11/2025,3/21/2025,10,3/26/2025,5
T455,Create financial forecasting models using historical data,Eve,Medium,T34,2/2/2025,2/11/2025,9,2/9/2025,-2
T456,Develop user authentication and role-based access control systems,David,Medium,T84,3/2/2025,3/11/2025,9,3/10/2025,-1
T457,Optimize supply chain operations using predictive analytics,Bob,Low,No Dependency,1/20/2025,1/23/2025,3,1/25/2025,2
T458,Implement sentiment analysis on customer feedback data,Charlie,High,T13,2/15/2025,2/25/2025,10,2/23/2025,-2
T459,Enhance IT helpdesk automation using AI chatbots,Alice,High,T75,1/19/2025,1/27/2025,8,1/24/2025,-3
T460,Monitor and analyze network traffic for security threats,Charlie,High,T60,2/27/2025,3/8/2025,9,3/11/2025,3
T461,Develop a machine learning model for customer churn prediction,Charlie,High,T20,2/26/2025,3/8/2025,10,3/12/2025,4
T462,Perform security vulnerability assessment on company servers,Eve,Medium,T47,2/22/2025,2/23/2025,1,2/20/2025,-3
T463,Optimize database queries to improve application performance,Charlie,High,T60,2/20/2025,2/26/2025,6,2/28/2025,2
T464,Design and implement CI/CD pipelines for software deployment,Bob,Medium,T20,2/23/2025,3/1/2025,6,3/1/2025,0
T465,Conduct market research for competitive business analysis,Eve,High,T76,1/22/2025,1/31/2025,9,1/28/2025,-3
T466,Develop an API for integrating third-party payment gateways,Alice,Low,T29,2/14/2025,2/17/2025,3,2/17/2025,0
T467,Implement an employee attendance tracking system,Alice,High,T3,3/12/2025,3/21/2025,9,3/24/2025,3
T468,Automate data extraction and reporting using Python scripts,David,High,T45,1/25/2025,1/30/2025,5,2/1/2025,2
T469,Manage cloud infrastructure on AWS and Azure platforms,Bob,High,T11,2/17/2025,2/22/2025,5,2/23/2025,1
T470,Develop and execute test cases for software validation,Charlie,Low,T20,2/11/2025,2/20/2025,9,2/21/2025,1
T471,Improve website SEO ranking through content optimization,Bob,Medium,T5,2/20/2025,2/27/2025,7,3/2/2025,3
T472,Migrate on-premise applications to cloud-based solutions,Alice,Low,T29,3/1/2025,3/4/2025,3,3/4/2025,0
T473,Ensure compliance with GDPR and other data privacy regulations,Bob,High,T20,3/2/2025,3/4/2025,2,3/7/2025,3
T474,Set up and configure Kubernetes clusters for microservices,David,High,T3,2/6/2025,2/10/2025,4,2/13/2025,3
T475,Create financial forecasting models using historical data,Charlie,Medium,T20,3/14/2025,3/23/2025,9,3/22/2025,-1
T476,Develop user authentication and role-based access control systems,Eve,High,T46,2/12/2025,2/18/2025,6,2/16/2025,-2
T477,Optimize supply chain operations using predictive analytics,David,High,T47,2/7/2025,2/16/2025,9,2/21/2025,5
T478,Implement sentiment analysis on customer feedback data,Charlie,Medium,T81,1/25/2025,2/2/2025,8,2/1/2025,-1
T479,Enhance IT helpdesk automation using AI chatbots,Charlie,Medium,T46,3/18/2025,3/24/2025,6,3/29/2025,5
T480,Monitor and analyze network traffic for security threats,David,High,T38,2/25/2025,3/5/2025,8,3/10/2025,5
T481,Develop a machine learning model for customer churn prediction,Bob,Low,T12,1/26/2025,1/27/2025,1,1/28/2025,1
T482,Perform security vulnerability assessment on company servers,Charlie,Medium,T17,2/28/2025,3/8/2025,8,3/11/2025,3
T483,Optimize database queries to improve application performance,Eve,Medium,T99,3/9/2025,3/18/2025,9,3/15/2025,-3
T484,Design and implement CI/CD pipelines for software deployment,Alice,Medium,T91,3/11/2025,3/18/2025,7,3/15/2025,-3
T485,Conduct market research for competitive business analysis,Charlie,High,No Dependency,2/19/2025,2/25/2025,6,3/1/2025,4
T486,Develop an API for integrating third-party payment gateways,Bob,Low,T81,2/14/2025,2/16/2025,2,2/19/2025,3
T487,Implement an employee attendance tracking system,Alice,Medium,T91,3/12/2025,3/15/2025,3,3/19/2025,4
T488,Automate data extraction and reporting using Python scripts,Eve,Medium,T89,3/18/2025,3/25/2025,7,3/30/2025,5
T489,Manage cloud infrastructure on AWS and Azure platforms,Alice,Medium,T68,2/22/2025,3/1/2025,7,3/3/2025,2
T490,Develop and execute test cases for software validation,Alice,Medium,T81,3/2/2025,3/9/2025,7,3/13/2025,4
T491,Improve website SEO ranking through content optimization,Eve,Medium,T22,2/20/2025,2/22/2025,2,2/19/2025,-3
T492,Migrate on-premise applications to cloud-based solutions,David,Low,T83,1/28/2025,2/2/2025,5,2/1/2025,-1
T493,Ensure compliance with GDPR and other data privacy regulations,Bob,High,T45,2/3/2025,2/13/2025,10,2/14/2025,1
T494,Set up and configure Kubernetes clusters for microservices,Alice,Medium,T81,1/19/2025,1/21/2025,2,1/24/2025,3
T495,Create financial forecasting models using historical data,David,Low,T11,1/25/2025,2/3/2025,9,2/5/2025,2
T496,Develop user authentication and role-based access control systems,David,Low,T78,2/26/2025,3/6/2025,8,3/11/2025,5
T497,Optimize supply chain operations using predictive analytics,Charlie,High,T12,1/29/2025,2/5/2025,7,2/9/2025,4
T498,Implement sentiment analysis on customer feedback data,Alice,Low,T71,3/1/2025,3/11/2025,10,3/11/2025,0
T499,Enhance IT helpdesk automation using AI chatbots,Charlie,Low,T3,3/5/2025,3/14/2025,9,3/14/2025,0
T500,Monitor and analyze network traffic for security threats,Alice,Low,T13,2/14/2025,2/19/2025,5,2/19/2025,0
